Valdosta State University,VSU,Highlights vs Delta State,Football,Highlights,Football,Touchdown,<iframe width='560' height='315' src='http://www.youtube.com/embed/UeMmrQxBrH0' frameborder='0' allowfullscreen></iframe>,www.valdosta.edu,www.vstateblazeers.com,M,GA,BLAZERS
Valdosta State University,VSU,Blazers Soccer Highlights Sept. 6 and 8 2013,Soccer,Highlights,Soccer,2013,<iframe width='560' height='315' src='//www.youtube.com/embed/Xvh2SeQkT2o?list=UUenLYK8NxNvQxCm1SvBc2BA' frameborder='0' allowfullscreen></iframe>,www.valdosta.edu,www.vstateblazeers.com,M,GA,BLAZERS
,,,,,,,,,,,,
Valley City State University,VCSU,Highlights vs Morningside College,Football,Highlights,,,<iframe width='560' height='315' src='http://www.youtube.com/embed/UeMmrQxBrH0' frameborder='0' allowfullscreen></iframe>,www.vcsu.edu,http://vikings.vcsu.edu,M,ND,VIKINGS
Valley City State University,VCSU,Highlights vs Dickinson,Basketball,Highlights,Comeback,,<iframe width='420' height='315' src='http://www.youtube.com/embed/eobd0ge93Bo' frameborder='0' allowfullscreen></iframe>,www.vcsu.edu,http://vikings.vcsu.edu,W,ND,VIKINGS
,,,,,,,,,,,,
Valparaiso University,VU,Highlights vs Davidson,Football,Highlights,Touchdown,Football,<iframe width='560' height='315' src='http://www.youtube.com/embed/9PYmIBFusrM' frameborder='0' allowfullscreen></iframe>,www.valpo.edu,www.valpoathletics.com,M,IN,CRUSADERS
Valparaiso University,VU,Highlights vs Green Bay,Soccer,Highlights,Goals,Soccer,<iframe width='420' height='315' src='http://www.youtube.com/embed/tZEnfB6mHsI' frameborder='0' allowfullscreen></iframe>,www.valpo.edu,www.valpoathletics.com,W,IN,CRUSADERS
,,,,,,,,,,,,
Vanguard University,VU,Highlights vs Azusa Pacific,Basketball,Highlights,Basketball,,<iframe width='560' height='315' src='http://www.youtube.com/embed/-6IoG2JwzMk' frameborder='0' allowfullscreen></iframe>,www.vanguard.edu,www.vanguardlions.com,M,CA,LIONS
Vanguard University,VU,,,,,,,www.vanguard.edu,www.vanguardlions.com,W,CA,LIONS
,,,,,,,,,,,,
Vanderbilt University,VU,Comeback win vs Ole Miss,Football,Highlights,comeback,SEC,<iframe width='560' height='315' src='http://www.youtube.com/embed/Q9rac4kfjrE' frameborder='0' allowfullscreen></iframe>,www.vanderbilt.edu,www.vucommodores.com,M,TN,COMMODORES
Vanderbilt University,VU,Highlights vs Alabama and South Carolina,Soccer,Highlights,Soccer,SEC,<iframe width='560' height='315' src='http://www.youtube.com/embed/NcktHOVO7tI' frameborder='0' allowfullscreen></iframe>,www.vanderbilt.edu,www.vucommodores.com,W,TN,COMMODORES
,,,,,,,,,,,,
Vassar College,VC,The Vassar play of the week,Rubgy,Highlights,Rugby,,<iframe width='560' height='315' src='//www.youtube.com/embed/8-XNXa7uolU?list=PLydr096SrzC87yD11iaUMGVXw9H19_1j7' frameborder='0' allowfullscreen></iframe>,www.vassar.edu,www.vassarathletics.com,M,NY,BREWERS
Vassar College,VC,Womens Rugby Highlights,Rugby,Highlights,Rugby,,<iframe width='560' height='315' src='//www.youtube.com/embed/S-3QTL9zjDs?list=PLydr096SrzC87yD11iaUMGVXw9H19_1j7' frameborder='0' allowfullscreen></iframe>,www.vassar.edu,www.vassarathletics.com,W,NY,BREWERS
,,,,,,,,,,,,
Villanova University,VU,Highlights,Basketball,Highlights,Basketball,Big East,<iframe width='560' height='315' src='http://www.youtube.com/embed/s2SCoEXfUw8' frameborder='0' allowfullscreen></iframe>,www.villanova.edu,www.villanova.com,M,PA,WILDCATS
Villanova University,VU,Highlights vs Providence,Basketball,Highlights,Basketball,Big East,<iframe width='560' height='315' src='http://www.youtube.com/embed/wZdJHuyG2y0' frameborder='0' allowfullscreen></iframe>,www.villanova.edu,www.villanova.com,W,PA,WILDCATS
,,,,,,,,,,,,
Virginia Commonwealth University,VCU,VCU upsets No.1 Kansas,Basketball,Highlights,March Madness,upset,<iframe width='560' height='315' src='http://www.youtube.com/embed/6Frh5gmc3s8' frameborder='0' allowfullscreen></iframe>,www.vcu.edu,www.vcuathletics.com,M,VA,RAMS
Virginia Commonwealth University,VCU,Highlights vs Richmond,Soccer,Highlights,Soccer,,<iframe width='560' height='315' src='http://www.youtube.com/embed/MN6bhy-QmPo' frameborder='0' allowfullscreen></iframe>,www.vcu.edu,www.vcuathletics.com,W,VA,RAMS
,,,,,,,,,,,,
Virginia Intermont College,VIC,Highlights vs Tennessee Wesleyan,Baseball,Highlights,Baseball,AAC Tournament,<iframe width='560' height='315' src='http://www.youtube.com/embed/ux7EZ1pp1do' frameborder='0' allowfullscreen></iframe>,www.vic.edu,www.viathletics.com,M,VA,COBRAS
Virginia Intermont College,VIC,Highlights vs Bryan College,Softball,Highlights,Softball,AAC Tournament,<iframe width='560' height='315' src='http://www.youtube.com/embed/JEDAOowoLgw' frameborder='0' allowfullscreen></iframe>,www.vic.edu,www.viathletics.com,W,VA,COBRAS
,,,,,,,,,,,,
Virginia Military Institute,VMI,Highlights of VMI Football,Football,Highlights,Football,Touchdown,<iframe width='560' height='315' src='http://www.youtube.com/embed/KAMQKTkurW0' frameborder='0' allowfullscreen></iframe>,www.vmi.edu,www.vmikeydets.com,M,VA,KEYDETS
Virginia Military Institute,VMI,Highlights of VMI Mens Lacrosse,Lacrosse,Highlights,Lacrosse,,<iframe width='560' height='315' src='http://www.youtube.com/embed/dpwaOI-pBKg' frameborder='0' allowfullscreen></iframe>,www.vmi.edu,www.vmikeydets.com,W,VA,KEYDETS
,,,,,,,,,,,,
Virginia Polytechnic Institute & State University,VT,Top Ten Football plays,Football,Highlights,touchdown,ACC,<iframe width='560' height='315' src='http://www.youtube.com/embed/zTHTkePQ5R8' frameborder='0' allowfullscreen></iframe>,www.vt.edu,www.hokiesports.com,M,VA,HOKIES
Virginia Polytechnic Institute & State University,VT,Season Highlights,Soccer,Highlights,Soccer,ACC,<iframe width='560' height='315' src='http://www.youtube.com/embed/PfCp7BupBZY' frameborder='0' allowfullscreen></iframe>,www.vt.edu,www.hokiesports.com,W,VA,HOKIES
,,,,,,,,,,,,
Virginia State University,VSU,Ian Brown's Highlights,Football,Highlights,,,<iframe width='420' height='315' src='http://www.youtube.com/embed/VcbSuTiDkwY' frameborder='0' allowfullscreen></iframe>,www.vsu.edu,www.vsu.edu/athletics,M,VA,TROJANS
Virginia State University,VSU,VSU's Cheer squad,Cheer,Dance,,,<iframe width='560' height='315' src='http://www.youtube.com/embed/5DZ1I-w2cAA' frameborder='0' allowfullscreen></iframe>,www.vsu.edu,www.vsu.edu/athletics,W,VA,TROJANS
,,,,,,,,,,,,
Virginia Union University,VUU,Marq Johnson,Football,Highlights,Football,,<iframe width='560' height='315' src='http://www.youtube.com/embed/qr_1JZ8efqc' frameborder='0' allowfullscreen></iframe>,www.vuu.edu,www.vuusports.com,M,VA,PANTHERS
Virginia Union University,VUU,VUU Beats VCU,Basketball,Highlights,Basketball,,<iframe width='560' height='315' src='http://www.youtube.com/embed/qr_1JZ8efqc' frameborder='0' allowfullscreen></iframe>,www.vuu.edu,www.vuusports.com,W,VA,PANTHERS
,,,,,,,,,,,,
Virginia Wesleyan College,VWC,2011 Season Highlights,Lacrosse,Highlights,Lacrosse,,<iframe width='560' height='315' src='http://www.youtube.com/embed/nk62pOnVVHU' frameborder='0' allowfullscreen></iframe>,www.vwc.edu,www.vwcathletics.com,M,VA,MARLINS
Virginia Wesleyan College,VWC,2012 Season Highlights,Soccer,Highlights,Soccer,,<iframe width='560' height='315' src='http://www.youtube.com/embed/OU6N7mkI08c' frameborder='0' allowfullscreen></iframe>,www.vwc.edu,www.vwcathletics.com,W,VA,MARLINS
,,,,,,,,,,,,
Viterbo University,VU,VU vs Mt Mercy Highlights,Baseball,Highlights,baseball,,<iframe width='560' height='315' src='http://www.youtube.com/embed/Z-Q_QA_AUso' frameborder='0' allowfullscreen></iframe>,www.viterbo.edu,www.viterboathletics.com,M,WI,HAWKS
Viterbo University,VU,VU vs The Masters,Volleyball,Highlights,Volleyball,,<iframe width='560' height='315' src='http://www.youtube.com/embed/lcsGAtT66m4?list=UUeyBJF1JiJ5-DYiVM4DpMTQ' frameborder='0' allowfullscreen></iframe>,www.viterbo.edu,www.viterboathletics.com,W,WI,HAWKS
,,,,,,,,,,,,
Wabash College,WC,Wabash beats Ohio Wesleyan,Basketball,Highlights,Basketball,,<iframe width='560' height='315' src='http://www.youtube.com/embed/lcsGAtT66m4?list=UUeyBJF1JiJ5-DYiVM4DpMTQ' frameborder='0' allowfullscreen></iframe>,www.wasbash.edu,www.wabash.edu/sports,M,IN,LITTLE GIANTS
Wabash College,WC,Wabash Basketball vs. Oberlin College Highlights,Basketball,Highlights,mixes,2012,<iframe width='560' height='315' src='//www.youtube.com/embed/NnVgRqJVW54' frameborder='0' allowfullscreen></iframe>,www.wasbash.edu,www.wabash.edu/sports,M,IN,
,,,,,,,,,,,,
Wagner College,WC,Wagner vs Georgetown,Football,Highlights,Football,,<iframe width='560' height='315' src='http://www.youtube.com/embed/HtTvis6Frv8' frameborder='0' allowfullscreen></iframe>,www.wagner.edu,www.wagnerathletics.com,M,NY,SEAHAWKS
Wagner College,WC,Wagner vs Fairleigh Dickinson,Basketball,Highlights,Basketball,,<iframe width='560' height='315' src='http://www.youtube.com/embed/MjUckdNvsgs' frameborder='0' allowfullscreen></iframe>,www.wagner.edu,www.wagnerathletics.com,W,NY,SEAHAWKS
,,,,,,,,,,,,
Wake Forest University,WFU,Mens Basketball  Highlights,Basketball,Highlights,Basketball,ACC,<iframe width='560' height='315' src='http://www.youtube.com/embed/srv5exxkyGA' frameborder='0' allowfullscreen></iframe>,www.wfu.edu,www.wakeforestsports.com,M,NC,DEMON DEACONS
Wake Forest University,WFU,Womens Soccer,Soccer,Highlights,Soccer,ACC,<iframe width='560' height='315' src='http://www.youtube.com/embed/pVgCloEKwCY?list=PLsgQMnV2gow47e48QD2nrhavhiJbr2ptP' frameborder='0' allowfullscreen></iframe>,www.wfu.edu,www.wakeforestsports.com,W,NC,DEMON DEACONS
,,,,,,,,,,,,
Waldorf College,WC,2012 to 2013 Football Season Highlights,Football,Highlights,mixes,,<iframe width='560' height='315' src='//www.youtube.com/embed/gJYPsl0hEHs' frameborder='0' allowfullscreen></iframe>,www.waldorf.edu,www.waldorfwarriors.com,M,IA,WARRIORS
Waldorf College,WC,Womens Track Highlights,Track,Highlights,Track & Field,,<iframe width='420' height='315' src='//www.youtube.com/embed/VgssCnYx_Js' frameborder='0' allowfullscreen></iframe>,www.waldorf.edu,www.waldorfwarriors.com,W,IA,WARRIORS
,,,,,,,,,,,,
Walla Walla University,WWU,Tristan Greenidge's Highlights,Basketball,Highlights,Basketball,,<iframe width='560' height='315' src='http://www.youtube.com/embed/_neoSrtZ-IQ' frameborder='0' allowfullscreen></iframe>,www.wallawalla.edu,www.wallawalla.edu/life-at-wwu/athletics,M,WA,WOLVES
Walla Walla University,WWU,Athletic Dept Mix,Basketball,Highlights,Basketball,Soccer,<iframe width='560' height='315' src='//www.youtube.com/embed/380Mu8hgiM4' frameborder='0' allowfullscreen></iframe>,www.wallawalla.edu,www.wallawalla.edu/life-at-wwu/athletics,M,WA,LADY WOLVES
,,,,,,,,,,,,
Walsh University,WU,Walsh Football Highlights,Football,Highlights,Football,,<iframe width='420' height='315' src='//www.youtube.com/embed/bEND2Cmaz0E' frameborder='0' allowfullscreen></iframe>,www.walsh.edu,www.walsh.edu/walsh-athletics,M,OH,CAVALIERS
Walsh University,WU,Walsh vs Black Hills State Highlights,Basketball,Highlights,Basketball,,<iframe width='560' height='315' src='//www.youtube.com/embed/aIKDqzKtKxI' frameborder='0' allowfullscreen></iframe>,www.walsh.edu,www.walsh.edu/walsh-athletics,W,OH,CAVALIERS
,,,,,,,,,,,,
Warner University,WU,Game winning shot,Basketball,Highlights,Basketball,,<iframe width='560' height='315' src='http://www.youtube.com/embed/_41aAO-bm0o' frameborder='0' allowfullscreen></iframe>,www.warner.edu,www.warnerroyals.com,M,FL,ROYALS
Warner University,WU,,,,,,,www.warner.edu,www.warnerroyals.com,W,FL,ROYALS
,,,,,,,,,,,,
Wartburg College,WC,Wartburg vs BVU Highlights,Football,Highlights,Football,,<iframe width='560' height='315' src='http://www.youtube.com/embed/FdstS4iMbJM' frameborder='0' allowfullscreen></iframe>,www.wartburg.edu,www.go-knights.net,M,IA,KNIGHTS
Wartburg College,WC,Wartburg vs Luther Highlights,Basketball,Highlights,Basketball,,<iframe width='420' height='315' src='http://www.youtube.com/embed/7rq9V46YxM8' frameborder='0' allowfullscreen></iframe>,www.wartburg.edu,www.go-knights.net,W,IA,KNIGHTS
,,,,,,,,,,,,
Washburn University,WU,Washburn vs Nebraska-Kearny Highlights,Football,Highlights,Football,,<iframe width='420' height='315' src='http://www.youtube.com/embed/7rq9V46YxM8' frameborder='0' allowfullscreen></iframe>,www.washburn.edu,www.wusports.com,M,KS,ICHABODS
Washburn University,WU,Washburn vs Emporia Highlights,Volleyball,Highlights,Basketball,,<iframe width='420' height='315' src='http://www.youtube.com/embed/7rq9V46YxM8' frameborder='0' allowfullscreen></iframe>,www.washburn.edu,www.wusports.com,W,KS,LADY BLUES
,,,,,,,,,,,,
Washington Adventist University,WAU,,,,,,,www.wau.edu,www.wauathletics.com,M,MD,SHOCK
Washington Adventist University,WAU,,,,,,,www.wau.edu,www.wauathletics.com,W,MD,SHOCK
,,,,,,,,,,,,
Washington and Jefferson College,WJC,W&J VS Waynesburg Highlights,Football,Highlights,Football,,<iframe width='560' height='315' src='http://www.youtube.com/embed/UxAVZXyR7gI' frameborder='0' allowfullscreen></iframe>,www.washjeff.edu,www.washjeff.edu/athletics,M,PA,PRESIDENTS
Washington and Jefferson College,WJC,Mens and Womens Tennis Highlights,Tennis,Highlights,Tennis,,<iframe width='560' height='315' src='http://www.youtube.com/embed/Fp4ntEzAbiA' frameborder='0' allowfullscreen></iframe>,www.washjeff.edu,www.washjeff.edu/athletics,W,PA,PRESIDENTS
,,,,,,,,,,,,
Washington and Lee University,WLU,W&L VS CNU Highlights,Lacrosse,Highlights,Lacrosse,,<iframe width='560' height='315' src='http://www.youtube.com/embed/v2nQaU4WcDQ' frameborder='0' allowfullscreen></iframe>,www.wlu.edu,www.generalsports.com,M,VA,GENERALS
Washington and Lee University,WLU,W&L vs HSC Highlights,Football,Highlights,Football,,<iframe width='560' height='315' src='http://www.youtube.com/embed/KRnYsXOA0KQ' frameborder='0' allowfullscreen></iframe>,www.wlu.edu,www.generalsports.com,W,VA,GENERALS
,,,,,,,,,,,,
Washington College,WC,WC vs W&L Highlights,Lacrosse,Highlights,Lacrosse,,<iframe width='560' height='315' src='http://www.youtube.com/embed/DrABvFdWgeo' frameborder='0' allowfullscreen></iframe>,www.washcoll.edu,www.washingtoncollegesports.com,M,MD,SHOREMEN
Washington College,WC,WC vs Ursinus Highlights,Tennis,Highlights,Tennis,,<iframe width='560' height='315' src='http://www.youtube.com/embed/SWTy-rXkSaw' frameborder='0' allowfullscreen></iframe>,www.washcoll.edu,www.washingtoncollegesports.com,W,MD,SHOREMEN
,,,,,,,,,,,,
Washington State University,WSU,WSU Football 2011 Highlights,Football,Highlights,Football,Pac12,<iframe width='560' height='315' src='http://www.youtube.com/embed/GJjVXbZjl1M' frameborder='0' allowfullscreen></iframe>,www.wsu.edu,www.wsucougars.com,M,WA,COUGARS
Washington State University,WSU,WSU vs SFU Highlights,Basketball,Highlights,Basketball,Pac12,<iframe width='560' height='315' src='http://www.youtube.com/embed/V2jJjROI6aI' frameborder='0' allowfullscreen></iframe>,www.wsu.edu,www.wsucougars.com,W,WA,COUGARS
,,,,,,,,,,,,
Washington University,WU,Washington U vs Chicago Highlights,Basketball,Highlights,Basketball,,<iframe width='560' height='315' src='http://www.youtube.com/embed/OaOZLB2Ea5w' frameborder='0' allowfullscreen></iframe>,www.wustl.edu,www.bearsports.wustl.edu,M,MO,BEARS
Washington University,WU,Washington U vs Emory Highlights,Volleyball,Highlights,Volleyball,,<iframe width='560' height='315' src='http://www.youtube.com/embed/1mNs8cPfE4Y' frameborder='0' allowfullscreen></iframe>,www.wustl.edu,www.bearsports.wustl.edu,W,MO,BEARS
,,,,,,,,,,,,
Wayland Baptist University,WBU,Highlights from the new programs 1st game,Football,Highlights,Football,,<iframe width='560' height='315' src='http://www.youtube.com/embed/Nl41kqvneKU' frameborder='0' allowfullscreen></iframe>,www.wbu.edu,www.wbuathletics.com,M,TX,PIONEERS
Wayland Baptist University,WBU,Wayland U vs Lubbock Christian Highlights,Volleyball,Highlights,Volleyball,,<iframe width='420' height='315' src='http://www.youtube.com/embed/f3tFKuN07JQ' frameborder='0' allowfullscreen></iframe>,www.wbu.edu,www.wbuathletics.com,W,TX,PIONEERS
,,,,,,,,,,,,
Wayne State College,WSC,Wayne State College vs Southwest Minnesota State Highlights,Football,Highlights,Football,,<iframe width='560' height='315' src='http://www.youtube.com/embed/hidr_v3MINE' frameborder='0' allowfullscreen></iframe>,www.wsc.edu,www.wscwildcats.com,M,NE,WILDCATS
Wayne State College,WSC,Wayne State College Rugby Highlights,Rugby,Highlights,Rugby,,<iframe width='560' height='315' src='http://www.youtube.com/embed/VIEr45dR0As?list=PLF3D26A44C693B290' frameborder='0' allowfullscreen></iframe>,www.wsc.edu,www.wscwildcats.com,W,NE,WILDCATS
,,,,,,,,,,,,
Wayne State University,WSU,Wayne State U vs Ferris State Highlights,Football,Highlights,Football,,<iframe width='560' height='315' src='http://www.youtube.com/embed/s8Kxzx2tARo' frameborder='0' allowfullscreen></iframe>,www.wayne.edu,www.wsuathletics.com,M,MI,WARRIORS
Wayne State University,WSU,Wayne State U vs Saginaw Valley State Highlights,Volleyball,Highlights,volleyball,,<iframe width='560' height='315' src='http://www.youtube.com/embed/_Oq5Ys2kfyY' frameborder='0' allowfullscreen></iframe>,www.wayne.edu,www.wsuathletics.com,W,MI,WARRIORS
,,,,,,,,,,,,
Waynesburg University,WU,Waynesburg Football Highlights,Football,Highlights,Football,,<iframe width='420' height='315' src='http://www.youtube.com/embed/_daLtiMInvk' frameborder='0' allowfullscreen></iframe>,www.waynesburg.edu,www.waynesburgsports.com,M,PA,YELLOW JACKETS
Waynesburg University,WU,Waynesburg womens Soccer Highlights,Soccer,Highlights,Soccer,,<iframe width='560' height='315' src='http://www.youtube.com/embed/3loko03ewHg' frameborder='0' allowfullscreen></iframe>,www.waynesburg.edu,www.waynesburgsports.com,W,PA,YELLOW JACKETS
,,,,,,,,,,,,
Webber International University,WIU,Webber International Univ Football Highlights,Football,Highlights,Football,,<iframe width='420' height='315' src='http://www.youtube.com/embed/dmSE2CFDixA' frameborder='0' allowfullscreen></iframe>,www.webber.edu,www.webberathletics.com,M,FL,WARRIORS
Webber International University,WIU,Webber International Univ womens bowling Highlights,Bowling,Highlights,bowling,,<iframe width='560' height='315' src='http://www.youtube.com/embed/wODjqgzrEy8' frameborder='0' allowfullscreen></iframe>,www.webber.edu,www.webberathletics.com,W,FL,WARRIORS
,,,,,,,,,,,,
Weber State University,WSU,Weber State vs Southern Utah Highlights,Basketball,Highlights,Basketball,,<iframe width='560' height='315' src='http://www.youtube.com/embed/tF3DEatdIkk' frameborder='0' allowfullscreen></iframe>,www.weber.edu,www.weberstatesports.com,M,UT,WILDCATS
Weber State University,WSU,Weber State vs Boise State Highlights,Basketball,Highlights,Basketball,,<iframe width='420' height='315' src='http://www.youtube.com/embed/4yocxX5fm6M' frameborder='0' allowfullscreen></iframe>,www.weber.edu,www.weberstatesports.com,W,UT,WILDCATS
,,,,,,,,,,,,
Webster University,WU,Division III CWS Highlights,Baseball,Highlights,Baseball,,<iframe width='560' height='315' src='http://www.youtube.com/embed/jCl6oq6EyQE' frameborder='0' allowfullscreen></iframe>,www.webster.edu,www.websterathletics.com,M,MO,GORLOKS
Webster University,WU,Webster U vs Fontbonne U Highlights,Soccer,Highlights,Soccer,,<iframe width='560' height='315' src='http://www.youtube.com/embed/ZjVQvpfZi64' frameborder='0' allowfullscreen></iframe>,www.webster.edu,www.websterathletics.com,W,MO,GORLOKS
,,,,,,,,,,,,
Wellesley College,WC,Wellesley vs Wheaton Highlights,Basketball,Highlights,Basketball,,<iframe width='420' height='315' src='http://www.youtube.com/embed/78AzcGT_tkE' frameborder='0' allowfullscreen></iframe>,www.wellesley.edu,www.wellesleyblue.com,W,MA,BLUE
,,,,,,,,,,,,
Wells College,WC,Wells 2009 Basketball Highlights,Basketball,Highlights,Basketball,,<iframe width='560' height='315' src='http://www.youtube.com/embed/r_SwgWEzjcg' frameborder='0' allowfullscreen></iframe>,www.wells.edu,www.wells-express.com,M,NY,EXPRESS
Wells College,WC,Wells vs Penn State-Harrisburg Highlights,Basketball,Highlights,Basketball,,<iframe width='560' height='315' src='http://www.youtube.com/embed/r_SwgWEzjcg' frameborder='0' allowfullscreen></iframe>,www.wells.edu,www.wells-express.com,W,NY,EXPRESS
,,,,,,,,,,,,
Wentworth Institute of Technology,WIT,,,,,,,www.wit.edu,www.wentworthathletics.com,M,MA,LEOPARDS
Wentworth Institute of Technology,WIT,Sherrad Prezzie-Blue Highlights,Basketball ,Highlights,Basketball,,<iframe width='420' height='315' src='//www.youtube.com/embed/YxGXeCLNWgE' frameborder='0' allowfullscreen></iframe>,www.wit.edu,www.wentworthathletics.com,M,MA,LEOPARDS
,,,,,,,,,,,,
Wesley College,WC,Wesley college Football Highlights,Football,Highlights,Football,,<iframe width='420' height='315' src='http://www.youtube.com/embed/m4Txwy-oDEk' frameborder='0' allowfullscreen></iframe>,www.wesley.edu,www.gowesleyathletics.com,M,DE,WOLVERINES
Wesley College,WC,Wesley vs Gallaudet Highlights,Soccer,Highlights,Soccer,,<iframe width='420' height='315' src='http://www.youtube.com/embed/2lU4z-XvfPM' frameborder='0' allowfullscreen></iframe>,www.wesley.edu,www.gowesleyathletics.com,W,DE,WOLVERINES
,,,,,,,,,,,,
Wesleyan College,WC,Wesleyan softball Highlights,Softball,Highlights,Softball,,<iframe width='420' height='315' src='http://www.youtube.com/embed/_y2GCM_AiA4' frameborder='0' allowfullscreen></iframe>,www.wesleyancollege.edu,www.wesleyanathletics.com,W,GA,
,,,,,,,,,,,,
Wesleyan University,WU,Wesleyan U vs Hamilton Highlights,Football,Highlights,Football,,<iframe width='560' height='315' src='http://www.youtube.com/embed/RolXZR-AVCQ' frameborder='0' allowfullscreen></iframe>,www.wesleyan.edu,www.wesleyan.edu/athletics,M,CT,CARDINALS
Wesleyan University,WU,Wesleyan U Womens Soccer Highlights,Soccer,Highlights,Soccer,,<iframe width='560' height='315' src='http://www.youtube.com/embed/1FD8jy1GcmE' frameborder='0' allowfullscreen></iframe>,www.wesleyan.edu,www.wesleyan.edu/athletics,W,CT,CARDINALS
,,,,,,,,,,,,
West Chester University of Pennsylvania,WCUPA,Game winner vs IUP,Basketball,Highlights,Basketball,,<iframe width='560' height='315' src='http://www.youtube.com/embed/p9rX_WkjFbg' frameborder='0' allowfullscreen></iframe>,www.wcupa.edu,www.wcupagoldenrams.com,M,PA,GOLDEN RAMS
West Chester University of Pennsylvania,WCUPA,West Chester vs Temple Highlights,Rugby,Highlights,Rugby,,<iframe width='560' height='315' src='http://www.youtube.com/embed/ehCkmrt4zpQ' frameborder='0' allowfullscreen></iframe>,www.wcupa.edu,www.wcupagoldenrams.com,W,PA,GOLDEN RAMS
,,,,,,,,,,,,
West Liberty University,WLU,West Liberty Football Highlights,Football,Highlights,Football,,<iframe width='560' height='315' src='http://www.youtube.com/embed/3DXWe-iH4ns' frameborder='0' allowfullscreen></iframe>,www.westliberty.edu,www.hilltoppersports.com,M,WV,HILLTOPPERS
West Liberty University,WLU,Great fastbreak,Basketball,Highlights,Basketball,,<iframe width='420' height='315' src='http://www.youtube.com/embed/rgIAu16kMDI' frameborder='0' allowfullscreen></iframe>,www.westliberty.edu,www.hilltoppersports.com,W,WV,HILLTOPPERS
,,,,,,,,,,,,
West Texas A&M University,WTAMU,West Texas A&M vs Eastern New Mexico Highlights,Football,Highlights,Football,,<iframe width='560' height='315' src='http://www.youtube.com/embed/7pZ5v0TY1dw' frameborder='0' allowfullscreen></iframe>,www.wtamu.edu,www.gobuffsgo.com,M,TX,BUFFALOES
West Texas A&M University,WTAMU,West Texas A&M vs Oklahoma Panhandle Highlights,Basketball,Highlights,Basketball,,<iframe width='560' height='315' src='http://www.youtube.com/embed/klR16_oRJrE' frameborder='0' allowfullscreen></iframe>,www.wtamu.edu,www.gobuffsgo.com,W,TX,BUFFALOES
,,,,,,,,,,,,
West Virginia State University,WVSU,WVSU VS Seton Hall Highlights,Football,Highlights,Football,,<iframe width='420' height='315' src='http://www.youtube.com/embed/o-7E-jZMhJE' frameborder='0' allowfullscreen></iframe>,www.wvstateu.edu,www.wvsuyellowjackets.com,M,WV,YELLOW JACKETS
West Virginia State University,WVSU,WVSU vs Ohio Valley,Basketball,Highlights,Basketball,,<iframe width='560' height='315' src='http://www.youtube.com/embed/wmuwbjmXWQc' frameborder='0' allowfullscreen></iframe>,www.wvstateu.edu,www.wvsuyellowjackets.com,W,WV,YELLOW JACKETS
,,,,,,,,,,,,
West Virginia University,WVU,WVU vs Texas Highlights,Football,Highlights,Football,,<iframe width='560' height='315' src='http://www.youtube.com/embed/JZIPVEgzBik' frameborder='0' allowfullscreen></iframe>,www.wvu.edu,www.wvusports.com,M,WV,MOUNTAINEERS
West Virginia University,WVU,WVU Womens Soccer Highlights,Soccer,Highlights,Soccer,,<iframe width='560' height='315' src='http://www.youtube.com/embed/5e0M3YkHkJ4' frameborder='0' allowfullscreen></iframe>,www.wvu.edu,www.wvusports.com,W,WV,MOUNTAINEERS
,,,,,,,,,,,,
West Virginia University Institute of Technology,WVUT,,,,,,,www.wvutech.edu,www.goldenbearathletics.com,M,WV,GOLDEN BEARS
West Virginia University Institute of Technology,WVUT,,,,,,,www.wvutech.edu,www.goldenbearathletics.com,W,WV,GOLDEN BEARS
,,,,,,,,,,,,
West Virginia Wesleyan College,WVWC,Football Highlights,Football,Highlights,Football,,<iframe width='420' height='315' src='//www.youtube.com/embed/Hzev08s0Nes' frameborder='0' allowfullscreen></iframe>,www.wvwc.edu,www.wesleyanbobcats.com,M,WV,BOBCATS
West Virginia Wesleyan College,WVWC,WVIAC Womens Soccer title,Soccer,Highlights,Soccer,,<iframe width='420' height='315' src='//www.youtube.com/embed/_R6OSgqpb3o' frameborder='0' allowfullscreen></iframe>,www.wvwc.edu,www.wesleyanbobcats.com,W,WV,BOBCATS
,,,,,,,,,,,,
Western Carolina University,WCU,Western Carolina Football Highlights,Football,Highlights,Football,,<iframe width='420' height='315' src='http://www.youtube.com/embed/sYteZ22Xfto' frameborder='0' allowfullscreen></iframe>,www.wcu.edu,www.catamountsports.com,M,NC,CATAMOUNTS
Western Carolina University,WCU,Women's 200 M race,Track,Highlights,Track,,<iframe width='560' height='315' src='http://www.youtube.com/embed/GnwJUZRMjBo' frameborder='0' allowfullscreen></iframe>,www.wcu.edu,www.catamountsports.com,W,NC,CATAMOUNTS
,,,,,,,,,,,,
Western Connecticut State University,WCSU,QB Will Arndt's Highlights,Football,Highlights,Football,,<iframe width='560' height='315' src='http://www.youtube.com/embed/u-yYKSJk_JI' frameborder='0' allowfullscreen></iframe>,www.wcsu.edu,www.wcsu.edu/sports,M,CT,COLONIALS
Western Connecticut State University,WCSU,WCSU Mens Basketball Highlights,Basketball,Highlights,Basketball,,<iframe width='560' height='315' src='http://www.youtube.com/embed/0Jj7LQ3ir_A' frameborder='0' allowfullscreen></iframe>,www.wcsu.edu,www.wcsu.edu/sports,W,CT,COLONIALS
,,,,,,,,,,,,
Western Illinois University,WIU,WIU home opener Highlights,Football,Highlights,Football,,<iframe width='560' height='315' src='http://www.youtube.com/embed/Oz8WrCvVtS4' frameborder='0' allowfullscreen></iframe>,www.wiu.edu,www.goleathernecks.com,M,IL,LEATHERNECKS
Western Illinois University,WIU,WIU vs Oakland Highlights,Basketball,Highlights,Basketball,,<iframe width='560' height='315' src='http://www.youtube.com/embed/tQCBPakDYKg' frameborder='0' allowfullscreen></iframe>,www.wiu.edu,www.goleathernecks.com,W,IL,LEATHERNECKS
,,,,,,,,,,,,
Western Kentucky University,WKU,WKU vs SIU Highlights,Basketball,Highlights,Basketball,,<iframe width='420' height='315' src='http://www.youtube.com/embed/FYVBYg0Q--I' frameborder='0' allowfullscreen></iframe>,www.wku.edu,www.wkusports.com,M,KY,HILLTOPPERS
Western Kentucky University,WKU,WKU LB Andrew Jackson's Highlights,Football,Highlights,Football,,<iframe width='560' height='315' src='http://www.youtube.com/embed/dMK4a-NcbJ4' frameborder='0' allowfullscreen></iframe>,www.wku.edu,www.wkusports.com,W,KY,HILLTOPPERS
,,,,,,,,,,,,
Western Michigan University,WMU,Western Mich vs Central Mich Highlights,Football,Highlights,Football,MAC,<iframe width='560' height='315' src='http://www.youtube.com/embed/HnaDRZUjyXE' frameborder='0' allowfullscreen></iframe>,www.wmich.edu,www.vmubroncos.com,M,MI,BRONCOS
Western Michigan University,WMU,Great rally by WMU womens volleyball team,Volleyball,Highlights,Volleyball,MAC,<iframe width='420' height='315' src='http://www.youtube.com/embed/nJxeoslJERM' frameborder='0' allowfullscreen></iframe>,www.wmich.edu,www.vmubroncos.com,W,MI,BRONCOS
,,,,,,,,,,,,
Western New England University,WNE,2012 WNE Mens Lacrosse early season Highlights,Lacrosse,Highlights,Lacrosse,,<iframe width='560' height='315' src='http://www.youtube.com/embed/mND400iGeM4' frameborder='0' allowfullscreen></iframe>,www.wne.edu,www.wnegoldenbears.com,M,MA,GOLDEN BEARS
Western New England University,WNE,Halftime performance by the WNE Cheer squad,Cheer,Dance,Cheer,,<iframe width='420' height='315' src='http://www.youtube.com/embed/Y-T3Gxl1FYo' frameborder='0' allowfullscreen></iframe>,www.wne.edu,www.wnegoldenbears.com,W,MA,GOLDEN BEARS
,,,,,,,,,,,,
Western New Mexico University,WNMU,Womens Basketball mid season Highlights,Basketball,Highlights,Basketball,,<iframe width='420' height='315' src='http://www.youtube.com/embed/sTP84QCVJFo' frameborder='0' allowfullscreen></iframe>,www.wnmu.edu,www.wnmumustangs.com,M,NM,MUSTANGS
Western New Mexico University,WNMU,WNMU vs NM Highlights,Football,Highlights,Football,,<iframe width='420' height='315' src='http://www.youtube.com/embed/sTP84QCVJFo' frameborder='0' allowfullscreen></iframe>,www.wnmu.edu,www.wnmumustangs.com,W,NM,MUSTANGS
,,,,,,,,,,,,
Western Oregon University,WOU,Western Oregon vs Dixie State Highlights,Football ,Highlights,Football,,<iframe width='560' height='315' src='http://www.youtube.com/embed/reF60FYVow4' frameborder='0' allowfullscreen></iframe>,www.wou.edu,www.wouwolves.com,M,OR,WOLVES
Western Oregon University,WOU,Western Oregon vs Alaska Anchorage Highlights,Volleyball,Highlights,Volleyball,,<iframe width='560' height='315' src='http://www.youtube.com/embed/yy4Ov5Ld-UQ' frameborder='0' allowfullscreen></iframe>,www.wou.edu,www.wouwolves.com,W,OR,WOLVES
,,,,,,,,,,,,
Western State Colorado University,WSC,Western State vs  Fort Hays Highlights,Football,Highlights,Football,,<iframe width='420' height='315' src='http://www.youtube.com/embed/wpvdyo8Ldxg' frameborder='0' allowfullscreen></iframe>,www.western.edu,www.gomountaineers.com,M,CO,MOUNTAINEERS
Western State Colorado University,WSC,Western State vs Colorado Mines closing moments,Basketball,Highlights,Basketball,,<iframe width='420' height='315' src='http://www.youtube.com/embed/-Ug_D5eRVA0' frameborder='0' allowfullscreen></iframe>,www.western.edu,www.gomountaineers.com,W,CO,MOUNTAINEERS
,,,,,,,,,,,,
Western Washington University,WWU,Anye Turner Forward #10 with a fastbreak ,Basketball,Highlights,Basketball,,<iframe width='560' height='315' src='//www.youtube.com/embed/HsplubI9D1w' frameborder='0' allowfullscreen></iframe>,www.wwu.edu,www.wwuvikings.com,M,WA,VIKINGS
Western Washington University,WWU,WWU vs CWU Highlight ,Basketball,Highlights,Basketball,2012,<iframe width='560' height='315' src='//www.youtube.com/embed/egUIVX3v3mQ' frameborder='0' allowfullscreen></iframe>,www.wwu.edu,www.wwuvikings.com,M,WA,VIKINGS
,,,,,,,,,,,,
Westfield State University,WSU,WSU beats Western New England,Field Hockey,Highlights,winning,2013,<iframe width='420' height='315' src='//www.youtube.com/embed/QrnRAdPDrA4' frameborder='0' allowfullscreen></iframe>,www.westfield.ma.edu,www.westfieldstateowls.com,M,MA,OWLS
Westfield State University,WSU,Great performance by the Dance team,Dance Team,Highlights,Dance,,<iframe width='560' height='315' src='//www.youtube.com/embed/uGrwslvTQ1s' frameborder='0' allowfullscreen></iframe>,www.westfield.ma.edu,www.westfieldstateowls.com,W,MA,OWLS
,,,,,,,,,,,,
Westminster College (Missouri),WC,Football Training ,Football,Highlights,training ,2012,<iframe width='560' height='315' src='//www.youtube.com/embed/PAOTpHowYkw' frameborder='0' allowfullscreen></iframe>,www.westminster-mo.edu,www.westminster-mo.edu/athletics,M,MO,BLUE JAYS
Westminster College (Missouri),WC,Women Soccer at WC,Soccer,Highlights,,,<iframe width='560' height='315' src='//www.youtube.com/embed/RQV5Ud1_7BY?list=PL655E25B8DA871B74' frameborder='0' allowfullscreen></iframe>,www.westminster-mo.edu,www.westminster-mo.edu/athletics,W,MO,BLUE JAYS
,,,,,,,,,,,,
Westminster College (Pennsylvania),WC,WR Geno Pasquinelli makes a great catch,Football,Highlights,Catch,Touchdown,<iframe width='420' height='315' src='//www.youtube.com/embed/_UNKyocty7I' frameborder='0' allowfullscreen></iframe>,www.westminster.edu,www.westminster.edu/athletics,M,PA,TITANS
Westminster College (Pennsylvania),WC,Football Season Highlights,Football,Highlights,2009,2010,<iframe width='420' height='315' src='//www.youtube.com/embed/WsPE7sAXScI' frameborder='0' allowfullscreen></iframe>,www.westminster.edu,www.westminster.edu/athletics,M,PA,TITANS
,,,,,,,,,,,,
Westmont College,WC,Niko Brooks Highlights,Basketball,Highlights,Basketball,,<iframe width='560' height='315' src='//www.youtube.com/embed/zkcqsRKB78U' frameborder='0' allowfullscreen></iframe>,www.westmont.edu,http://blogs.westmont.edu/athletics/,M,CA,WARRIORS
Westmont College,WC,Westmont upsets No.1 Azusa Pacific,Basketball,Highlights,Basketball,,<iframe width='560' height='315' src='//www.youtube.com/embed/JC2l2iLY0r8' frameborder='0' allowfullscreen></iframe>,www.westmont.edu,http://blogs.westmont.edu/athletics/,W,CA,WARRIORS
,,,,,,,,,,,,
Wheaton College (Illinois),WC,Wheaton beats Illinois Wesleyan at the buzzer!,Basketball,Highlights,Basketball,,<iframe width='420' height='315' src='//www.youtube.com/embed/tsw28ZxBoH4' frameborder='0' allowfullscreen></iframe>,www.wheaton.edu,http://athletics.wheaton.edu,M,IL,THUNDER
Wheaton College (Illinois),WC,Wheatons big comeback vs Washington University-St. Louis,Soccer,Highlights,Soccer,,<iframe width='420' height='315' src='//www.youtube.com/embed/LQdnn8YvOZQ' frameborder='0' allowfullscreen></iframe>,www.wheaton.edu,http://athletics.wheaton.edu,W,IL,THUNDER
,,,,,,,,,,,,
Wheaton College (Massachusetts),WC,Wheaton(PA) vs Babson Highlights,Basketball,Highlights,Basketball,,<iframe width='420' height='315' src='//www.youtube.com/embed/wmXtrcZOG9E' frameborder='0' allowfullscreen></iframe>,www.wheatoncollege.edu,http://athletics.wheatoncollege.edu,M,MA,LYONS
Wheaton College (Massachusetts),WC,Buzzer beater vs WPI,Basketball,Highlights,Basketball,,<iframe width='420' height='315' src='//www.youtube.com/embed/-o0QV0W9Sis' frameborder='0' allowfullscreen></iframe>,www.wheatoncollege.edu,http://athletics.wheatoncollege.edu,W,MA,LYONS
,,,,,,,,,,,,
Wheeling Jesuit University,WJU,Wheeling Jesuit vs Walsh University Highlights,Soccer,Highlights,Soccer,,<iframe width='560' height='315' src='//www.youtube.com/embed/azHL3j-PA5E?list=PLOnqy_y2obZ6palw8NM-nOBXola-Lbuxp' frameborder='0' allowfullscreen></iframe>,www.wju.edu,http://athletics.wju.edu,M,WV,CARDINALS
Wheeling Jesuit University,WJU,Wheeling Jesuit vs Davis & Elkins Highlights,Basketball,Highlights,Basketball,,<iframe width='420' height='315' src='//www.youtube.com/embed/SCpVqi4fwNY' frameborder='0' allowfullscreen></iframe>,www.wju.edu,http://athletics.wju.edu,W,WV,CARDINALS
,,,,,,,,,,,,
Wheelock College,WC,Bashir Hudson Dunk,Basketball,Dunk,dunks,,<iframe width='560' height='315' src='//www.youtube.com/embed/smhQWzWMBXI?list=UUgWBa4f35LS3N0RjL_ULj-Q' frameborder='0' allowfullscreen></iframe>,www.wheelock.edu,www.wheelockwildcats.com,M,MA,WILDCATS
Wheelock College,WC,Getting that Goal !,Lacrosse,Goal,,,<iframe width='560' height='315' src='//www.youtube.com/embed/n3xgt2s2L3U?list=UUgWBa4f35LS3N0RjL_ULj-Q' frameborder='0' allowfullscreen></iframe>,www.wheelock.edu,www.wheelockwildcats.com,M,MA,WILDCATS
,,,,,,,,,,,,
Whitman College,WC,Brandon Shaw's Highlights,Basketball,Highlights,Basketball,,<iframe width='560' height='315' src='//www.youtube.com/embed/WyB48WWPKPg' frameborder='0' allowfullscreen></iframe>,www.whitman.edu,www.whitman.edu/athletics,M,WA,MISSIONARIES
Whitman College,WC,Basketball Highlights 2013 - 2013,Basketball,Highlights,season,,<iframe width='560' height='315' src='//www.youtube.com/embed/9HquhsYVUSo' frameborder='0' allowfullscreen></iframe>,www.whitman.edu,www.whitman.edu/athletics,M,WA,MISSIONARIES
,,,,,,,,,,,,
Whittier College,WC,Highlights vs La Verne,Football,Highlights,Football,,<iframe width='560' height='315' src='//www.youtube.com/embed/UxDoXoleoVg' frameborder='0' allowfullscreen></iframe>,www.whittier.edu,www.wcpoets.com,M,CA,POETS
Whittier College,WC,Womens Basketball Highlights,Basketball,Highlights,Basketball,,<iframe width='560' height='315' src='//www.youtube.com/embed/-ucZA8eaUz4' frameborder='0' allowfullscreen></iframe>,www.whittier.edu,www.wcpoets.com,W,CA,POETS
,,,,,,,,,,,,
Whitworth University,WU,Higlights vs Chapman,Football,Highlights,Football,,<iframe width='560' height='315' src='//www.youtube.com/embed/2QW_O9hcB2o' frameborder='0' allowfullscreen></iframe>,www.whitworth.edu,www.whitworthpirates.com,M,WA,PIRATES
Whitworth University,WU,Womens Basketball Highlights,Basketball,Highlights,Basketball,,<iframe width='560' height='315' src='//www.youtube.com/embed/1xIE5bJBrus' frameborder='0' allowfullscreen></iframe>,www.whitworth.edu,www.whitworthpirates.com,W,WA,PIRATES
,,,,,,,,,,,,
Wichita State University,WSU,Mens Basketball Highlights,Basketball,Highlights,Basketball,,<iframe width='560' height='315' src='http://www.youtube.com/embed/VYEYehrCj8w' frameborder='0' allowfullscreen></iframe>,www.wichita.edu,www.goshockers.com,M,KS,SHOCKERS
Wichita State University,WSU,WSU vs LBST Highlights,Basketball,Highlights,Basketball,,<iframe width='560' height='315' src='http://www.youtube.com/embed/yPofHG7sZlA' frameborder='0' allowfullscreen></iframe>,www.wichita.edu,www.goshockers.com,W,KS,SHOCKERS
,,,,,,,,,,,,
Widener University,WU,Widener vs Stevenson Highlights,Football,Highlights,Football,,<iframe width='560' height='315' src='//www.youtube.com/embed/Pppyiqgl7Qc' frameborder='0' allowfullscreen></iframe>,www.widener.edu,www.widenerpride.com,M,PA,PRIDE
Widener University,WU,Widener 2012 MAC Champions,Football,Highlights,champions,,<iframe width='560' height='315' src='//www.youtube.com/embed/ZQAfQtJ3xwQ' frameborder='0' allowfullscreen></iframe>,www.widener.edu,www.widenerpride.com,M,PA,PRIDE
,,,,,,,,,,,,
Wilberforce University,WU,Kyree Marshall Freshman - Guard ,Basketball,Highlights,,,<iframe width='420' height='315' src='//www.youtube.com/embed/Sjclu9K6dnk' frameborder='0' allowfullscreen></iframe>,www.wilberforce.edu,www.wilberforce.edu/athletics/,M,OH,BULLDOGS
Wilberforce University,WU,,,,,,,www.wilberforce.edu,www.wilberforce.edu/athletics/,W,OH,LADY BULLDOGS
,,,,,,,,,,,,
Wilkes University,WU,Freedom Championship,Tennis,Highlights,Tennis,,<iframe width='560' height='315' src='//www.youtube.com/embed/KloZwu1IrVw' frameborder='0' allowfullscreen></iframe>,www.wilkes.edu,www.gowilkesu.com,M,PA,COLONELS
Wilkes University,WU,Softball Highlights,Softball,Highlights,Softball,,<iframe width='560' height='315' src='//www.youtube.com/embed/18GmBmQOM-U?list=UUQmogyOCa4yy_LjPR20BJHg' frameborder='0' allowfullscreen></iframe>,www.wilkes.edu,www.gowilkesu.com,W,PA,COLONELS
,,,,,,,,,,,,
Willamette University,WU,Williamette vs Southern Oregon Highlights,Football,Highlights,Football,,<iframe width='420' height='315' src='//www.youtube.com/embed/fmZWOYsw1Bs' frameborder='0' allowfullscreen></iframe>,www.willamette.edu,www.willamette.edu/athletics,M,OR,BEARCATS
Willamette University,WU,Williamette vs Pacific Highlights,Soccer,Highlights,Soccer,,<iframe width='560' height='315' src='//www.youtube.com/embed/PTJ7rVBFYRc' frameborder='0' allowfullscreen></iframe>,www.willamette.edu,www.willamette.edu/athletics,W,OR,BEARCATS
,,,,,,,,,,,,
William Carey University,WCU,1500M race,Track and Field,Highlights,Track and Field,,<iframe width='560' height='315' src='//www.youtube.com/embed/DnxrQyitcnk' frameborder='0' allowfullscreen></iframe>,www.wmcarey.edu,www.careyathletics.com,M,MS,CRUSADERS
William Carey University,WCU,Awesome Cheerleader Half Court Trick Flip Shot,Cheer,Stunts,Basketball,half court shot,<iframe width='560' height='315' src='//www.youtube.com/embed/ch9nONuwxK4' frameborder='0' allowfullscreen></iframe>,www.wmcarey.edu,www.careyathletics.com,W,MS,CRUSADERS
,,,,,,,,,,,,
William Jessup University,WJU,Mitch Pingree  scores a goal,Soccer,Goals,,,<iframe width='420' height='315' src='//www.youtube.com/embed/vidImkOwJik' frameborder='0' allowfullscreen></iframe>,www.jessup.edu,www.jessupathletics.com,M,CA,WARRIORS
William Jessup University,WJU,Warriors volleyball highlights ,Volleyball,Highlights,,,<iframe width='420' height='315' src='//www.youtube.com/embed/aadneMP_8bc' frameborder='0' allowfullscreen></iframe>,www.jessup.edu,www.jessupathletics.com,W,CA,WARRIORS
,,,,,,,,,,,,
William Jewell College,WJC,Cardinal Football Preseason,Football,Highlights,preseason,,<iframe width='420' height='315' src='//www.youtube.com/embed/Pwx8NAT4hc8' frameborder='0' allowfullscreen></iframe>,www.jewell.edu,www.jewellcardinals.com,M,MO,CARDINALS
William Jewell College,WJC,Volleyball Preseason,Volleyball,Highlights,preseason,,<iframe width='420' height='315' src='//www.youtube.com/embed/RDjW5fJQzZM' frameborder='0' allowfullscreen></iframe>,www.jewell.edu,www.jewellcardinals.com,W,MO,CARDINALS
,,,,,,,,,,,,
William Paterson University of New Jersey,WPU,William Paterson University's 1-0 men's soccer victory ,Soccer,Highlights,New Jersey City ,2012,<iframe width='560' height='315' src='//www.youtube.com/embed/HUhzqHCUdbM' frameborder='0' allowfullscreen></iframe>,www.wpunj.edu,www.wpupioneers.com,M,NJ,PIONEERS
William Paterson University of New Jersey,WPU,WP Volleyball vs. St. Joseph's-Long Island ,Volleyball,Highlights,victory,,<iframe width='420' height='315' src='//www.youtube.com/embed/JrLTjrf8j-k' frameborder='0' allowfullscreen></iframe>,www.wpunj.edu,www.wpupioneers.com,W,NJ,PIONEERS
,,,,,,,,,,,,
William Penn College,WPC,William Penn Basketball 2012,Basketball,Mixes,2012,,<iframe width='560' height='315' src='//www.youtube.com/embed/Qc-rKo6Aigs' frameborder='0' allowfullscreen></iframe>,www.wmpenn.edu,www.statesmenathletics.com,M,IA,THE STATESMEN
William Penn College,WPC,William Penn University Toilet Paper Toss 2013,Basketball,Highlights,2013,,<iframe width='560' height='315' src='//www.youtube.com/embed/sO3S_QbDyW0' frameborder='0' allowfullscreen></iframe>,www.wmpenn.edu,www.statesmenathletics.com,M,IA,THE STATESMEN
,,,,,,,,,,,,
William Smith College,WSC,William Smith at the Head of the Genesee,Rowing,Highlights,2011,victory,<iframe width='420' height='315' src='//www.youtube.com/embed/j8z8CMiQVZs' frameborder='0' allowfullscreen></iframe>,www.hws.edu,www.hwsathletics.com,W,NY,HERONS
William Smith College,WSC,2012 Soccer Season in Review,Soccer,Highlights,,,<iframe width='560' height='315' src='//www.youtube.com/embed/ZlAB8sA11t4' frameborder='0' allowfullscreen></iframe>,www.hws.edu,www.hwsathletics.com,W,NY,
,,,,,,,,,,,,
William Woods University,WWU,Great Dunk,Basketball,Dunks,2013,,<iframe width='560' height='315' src='//www.youtube.com/embed/E1Hr1keOrAk' frameborder='0' allowfullscreen></iframe>,www.williamwoods.edu,www.wwuowls.com,M,MO,OWLS
William Woods University,WWU,"Show Team at Tulsa, OK",Equestrian,Mixes,,,<iframe width='420' height='315' src='//www.youtube.com/embed/E86pbr9B72Q' frameborder='0' allowfullscreen></iframe>,www.williamwoods.edu,www.wwuowls.com,W,MO,OWLS
,,,,,,,,,,,,
Williams Baptist College,WBC,Williams Baptist vs Ecclesia Highlights,Basketball,Highlights,Basketball,,<iframe width='420' height='315' src='//www.youtube.com/embed/TMcJL64Cg_A' frameborder='0' allowfullscreen></iframe>,www.wbcoll.edu,www.wbceagles.com,M,AR,EAGLES
Williams Baptist College,WBC,2014 Williams Baptist College Basketball ,Basketball,Highlights,2014,,<iframe width='420' height='315' src='//www.youtube.com/embed/-Ux-xuCz2Po' frameborder='0' allowfullscreen></iframe>,www.wbcoll.edu,www.wbceagles.com,M,AR,EAGLES
,,,,,,,,,,,,
Williams College,WC,Williams vs Tufts Highlights,Football,Highlights,Football,,<iframe width='560' height='315' src='//www.youtube.com/embed/hl4hoyVfNWk' frameborder='0' allowfullscreen></iframe>,www.williams.edu,http://athletics.williams.edu,M,MA,EPHS
Williams College,WC,Willams vs Colby College Highlights,Soccer,Highlights,Soccer,,<iframe width='560' height='315' src='//www.youtube.com/embed/hl4hoyVfNWk' frameborder='0' allowfullscreen></iframe>,www.williams.edu,http://athletics.williams.edu,W,MA,EPHS
,,,,,,,,,,,,
Wilmington College,WC,Spring Football Game,Football,Highlights,,,<iframe width='560' height='315' src='//www.youtube.com/embed/OoBNCe2ROA8' frameborder='0' allowfullscreen></iframe>,www.wilmington.edu,www.wilmington.edu/athletics,M,OH,QUAKERS
Wilmington College,WC,Wilmington vs Thiel Highlights,Lacrosse,Highlights,Lacrosse,,<iframe width='560' height='315' src='//www.youtube.com/embed/crGDWbTsTNI' frameborder='0' allowfullscreen></iframe>,www.wilmington.edu,www.wilmington.edu/athletics,W,OH,QUAKERS
,,,,,,,,,,,,
Wilmington University,WU,Wilmington vs Goldey Beacom Highlights,Basketball,Highlights,Basketball,,<iframe width='560' height='315' src='//www.youtube.com/embed/p5giWKcLeFk' frameborder='0' allowfullscreen></iframe>,www.wilmu.edu,www.wilmu.edu/athletics,M,DE,WILDCATS
Wilmington University,WU,Wilmington Cheer,Cheer,Dance,Cheer,,<iframe width='420' height='315' src='//www.youtube.com/embed/_b4WwG7P22k' frameborder='0' allowfullscreen></iframe>,www.wilmu.edu,www.wilmu.edu/athletics,W,DE,WILDCATS
,,,,,,,,,,,,
Wilson College,WC,,,,,,,www.wilson.edu,www.wilson.edu/athletic-center,W,PA,PHOENIX
Wilson College,WC,,,,,,,www.wilson.edu,www.wilson.edu/athletic-center,W,PA,PHOENIX
,,,,,,,,,,,,
Wingate University,WU,Wingate vs Catawba Highlights,Basketball,Highlights,Basketball,,<iframe width='420' height='315' src='//www.youtube.com/embed/WWybtBk_djI' frameborder='0' allowfullscreen></iframe>,www.wingate.edu,www.wingatebulldogs.com,M,NC,BULLDOGS
Wingate University,WU,Senior Day Grand slam,Softball,Highlights,softball,,<iframe width='560' height='315' src='//www.youtube.com/embed/v8nzUg8jwkg?list=PL1BvRp4s1feYe9cu_TRlyEo1rujgwzSUE' frameborder='0' allowfullscreen></iframe>,www.wingate.edu,www.wingatebulldogs.com,W,NC,BULLDOGS
,,,,,,,,,,,,
Winona State University,WSU,Winona State vs Minnesota State Highlights,Football,Highlights,Football,,<iframe width='420' height='315' src='//www.youtube.com/embed/ZlQ9QeLAXvU' frameborder='0' allowfullscreen></iframe>,www.winona.edu,www.winonastatewarriors.com,M,MN,WARRIORS
Winona State University,WSU,Winona State vs SMSU Highlights,Softball,Highlights,Softball,,<iframe width='560' height='315' src='//www.youtube.com/embed/U1iX3o5NMIo?list=UUdM0g9MFjQXL_ChqL8D1Gtw' frameborder='0' allowfullscreen></iframe>,www.winona.edu,www.winonastatewarriors.com,W,MN,WARRIORS
,,,,,,,,,,,,
Winston Salem State University,WSSU,Crazy TD run,Football,Highlights,Football,,<iframe width='560' height='315' src='http://www.youtube.com/embed/eGLBfVviQt0' frameborder='0' allowfullscreen></iframe>,www.wssu.edu,www.wssurams.com,M,NC,RAMS
Winston Salem State University,WSSU,WSSU vs Anderson(SC) Highlights,Basketball,Highlights,Basketball,,<iframe width='420' height='315' src='http://www.youtube.com/embed/lwckjpQLqCI' frameborder='0' allowfullscreen></iframe>,www.wssu.edu,www.wssurams.com,W,NC,RAMS
,,,,,,,,,,,,
Winthrop University,WU,Mens Basketball Highlights,Basketball,Highlights,Basketball,,<iframe width='420' height='315' src='http://www.youtube.com/embed/lwckjpQLqCI' frameborder='0' allowfullscreen></iframe>,www.winthrop.edu,www.winthropeagles.com,M,SC,EAGLES
Winthrop University,WU,Womens Basketball Highlights,Basketball,Highlights,Baskeball,,<iframe width='420' height='315' src='http://www.youtube.com/embed/lwckjpQLqCI' frameborder='0' allowfullscreen></iframe>,www.winthrop.edu,www.winthropeagles.com,W,SC,EAGLES
,,,,,,,,,,,,
Wisconsin Lutheran College,WLC,Mens Basketball Highlights,Basketball,Highlights,Basketball,,<iframe width='420' height='315' src='http://www.youtube.com/embed/lwckjpQLqCI' frameborder='0' allowfullscreen></iframe>,www.wlc.edu,www.wlcsports.com,M,WI,WARRIORS
Wisconsin Lutheran College,WLC,Womens Basketball Highlights,Basketball,Highlights,Basketball,,<iframe width='420' height='315' src='http://www.youtube.com/embed/lwckjpQLqCI' frameborder='0' allowfullscreen></iframe>,www.wlc.edu,www.wlcsports.com,W,WI,WARRIORS
,,,,,,,,,,,,
Wittenberg University,WU,Mens Basketball Highlights,Basketball,Highlights,Basketball,,<iframe width='420' height='315' src='http://www.youtube.com/embed/lwckjpQLqCI' frameborder='0' allowfullscreen></iframe>,www.wittenberg.edu,www.wittenbergtigers.com,M,OH,TIGERS
Wittenberg University,WU,Womans Basketball Highlights,Basketball,Highlights,Basketball,,<iframe width='420' height='315' src='http://www.youtube.com/embed/lwckjpQLqCI' frameborder='0' allowfullscreen></iframe>,www.wittenberg.edu,www.wittenbergtigers.com,W,OH,TIGERS
,,,,,,,,,,,,
Wofford College,WC,Mens Basketball Highlights,Basketball,Highlights,Basketball,,<iframe width='420' height='315' src='http://www.youtube.com/embed/fd4D-NN5l7Y' frameborder='0' allowfullscreen></iframe>,www.wofford.edu,http://athletics.wofford.edu,M,SC,TERRIERS
Wofford College,WC,Wofford vs Southern Virginia Highlights,Basketball,Highlights,Basketball,,<iframe width='560' height='315' src='http://www.youtube.com/embed/W6JT4cBD6cg' frameborder='0' allowfullscreen></iframe>,www.wofford.edu,http://athletics.wofford.edu,W,SC,TERRIERS
,,,,,,,,,,,,
Worcester Polytechnic Institute,WPI,Track & Field invitational,Track,Highlights,Track,Men,<iframe width='420' height='315' src='//www.youtube.com/embed/Cs9TJ9-Je0g' frameborder='0' allowfullscreen></iframe>,www.wpi.edu,http://wpi.prestosports.com,M,MA,ENGINEERS
Worcester Polytechnic Institute,WPI,Cheer and the WPI Pep Band ,Cheer,Dance,,Women,<iframe width='420' height='315' src='//www.youtube.com/embed/3dLyROYJ2Aw' frameborder='0' allowfullscreen></iframe>,www.wpi.edu,http://wpi.prestosports.com,W,MA,ENGINEERS
,,,,,,,,,,,,
Worcester State University,WSU,Worchester State vs Anna Maria Highlights,Football,Highlights,Football,,<iframe width='560' height='315' src='//www.youtube.com/embed/kLyCx5cuVAc' frameborder='0' allowfullscreen></iframe>,www.worcester.edu,www.wsulancers.com,M,MA,LANCERS
Worcester State University,WSU,Womens Volleyball Tri-Match Highlights,Volleyball,Highlights,Volleyball,,<iframe width='560' height='315' src='//www.youtube.com/embed/Mc1XFlyhnD8' frameborder='0' allowfullscreen></iframe>,www.worcester.edu,www.wsulancers.com,W,MA,LANCERS
,,,,,,,,,,,,
Wright State University,WSU,Mens Basketball Highlights,Basketball,Highlights,Basketball,,<iframe width='420' height='315' src='http://www.youtube.com/embed/_-HpwYbxrag' frameborder='0' allowfullscreen></iframe>,www.wright.edu,www.wsuraiders.com,M,OH,RAIDERS
Wright State University,WSU,Wright State beats Youngstown State 64 to 61 ,Basketball,Highlights,Basketball,,<iframe width='420' height='315' src='//www.youtube.com/embed/0lQqnTArc9A' frameborder='0' allowfullscreen></iframe>,www.wright.edu,www.wsuraiders.com,W,OH,RAIDERS
,,,,,,,,,,,,
Xavier University (Louisiana),XULA,Mens Basketball Highlights,Basketball,Highlights,Basketball,,<iframe width='420' height='315' src='http://www.youtube.com/embed/5eWD4xG9JgY' frameborder='0' allowfullscreen></iframe>,www.xula.edu,www.xula.edu/athletics,M,LA,GOLD RUSH
Xavier University (Louisiana),XULA,Womens Basketball Highlights,Basketball,Highlights,Basketball,,<iframe width='420' height='315' src='http://www.youtube.com/embed/5eWD4xG9JgY' frameborder='0' allowfullscreen></iframe>,www.xula.edu,www.xula.edu/athletics,W,LA,GOLD NUGGETS
,,,,,,,,,,,,
Xavier University,XU,Mens Basketball Highlights,Basketball,Highlights,Basketball,,<iframe width='420' height='315' src='http://www.youtube.com/embed/5eWD4xG9JgY' frameborder='0' allowfullscreen></iframe>,www.xavier.edu,www.goxavier.com,M,OH,MUSKETEERS
Xavier University,XU,Womens Basketball Highlights,Basketball,Highlights,Basketball,,<iframe width='560' height='315' src='http://www.youtube.com/embed/YTDZH54XEsE' frameborder='0' allowfullscreen></iframe>,www.xavier.edu,www.goxavier.com,W,OH,MUSKETEERS
,,,,,,,,,,,,
Yale University,YU,Mens Squash team ends a 252 match streak,Squash,Highlights,Squash,,<iframe width='560' height='315' src='http://www.youtube.com/embed/RKtiej_CwlY' frameborder='0' allowfullscreen></iframe>,www.yale.edu,www.yalebulldogs.com,M,CT,BULLDOGS
Yale University,YU,Yale vs Boston U Highlights,Tennis,Highlights,Tennis,,<iframe width='560' height='315' src='http://www.youtube.com/embed/-vWYbMAullg' frameborder='0' allowfullscreen></iframe>,www.yale.edu,www.yalebulldogs.com,W,CT,BULLDOGS
,,,,,,,,,,,,
Yeshiva University,YU,Yeshiva vs City College of New York,Basketball,Highlights,Basketball,,<iframe width='560' height='315' src='//www.youtube.com/embed/AIJfDnhHRXA' frameborder='0' allowfullscreen></iframe>,www.yeshiva.edu,www.yumac.com,M,NY,MACCABEES
Yeshiva University,YU,Brings in a run with a sac fly ,Baseball,Highlights,,,<iframe width='420' height='315' src='//www.youtube.com/embed/VMzN7SxteX0' frameborder='0' allowfullscreen></iframe>,www.yeshiva.edu,www.yumac.com,M,NY,MACCABEES
,,,,,,,,,,,,
York College (Nebraska),YC,Baseball Highlights,Baseball,Highlights,Baseball,,<iframe width='560' height='315' src='//www.youtube.com/embed/BJJVUv7CV2s' frameborder='0' allowfullscreen></iframe>,www.york.edu,www.york.edu/athletics,M,NE,PANTHERS
York College (Nebraska),YC,Womens Basketball Highlights,Basketball,Highlights,Basketball,,<iframe width='560' height='315' src='//www.youtube.com/embed/BJJVUv7CV2s' frameborder='0' allowfullscreen></iframe>,www.york.edu,www.york.edu/athletics,W,NE,PANTHERS
,,,,,,,,,,,,
York College (New York),YC,2013 CUNYAC Men's Volleyball Quarterfinal,Volleyball,Highlights,,,<iframe width='560' height='315' src='//www.youtube.com/embed/Fjc8tEQVEmo' frameborder='0' allowfullscreen></iframe>,www.york.cuny.edu,www.yorkathletics.com,M,NY,CARDINALS
York College (New York),YC,2007 Men's Basketball Championship ,Basketball,Highlights,Buzzer Beater,,<iframe width='420' height='315' src='//www.youtube.com/embed/7gEBedWXItk' frameborder='0' allowfullscreen></iframe>,www.york.cuny.edu,www.yorkathletics.com,M,NY,CARDINALS
,,,,,,,,,,,,
York College (Pennsylvania),YCP,Men's Soccer vs. Salisbury - CAC Championship,Soccer,Highlights,Sports,2012,<iframe width='560' height='315' src='//www.youtube.com/embed/W_E03gFjdcM' frameborder='0' allowfullscreen></iframe>,www.ycp.edu,www.ycpspartans.com,M,PA,SPARTANS
York College (Pennsylvania),YCP,York vs Frostburg Highlights,Soccer,Highlights,Soccer,,<iframe width='560' height='315' src='//www.youtube.com/embed/A-ZUyWVP5zU' frameborder='0' allowfullscreen></iframe>,www.ycp.edu,www.ycpspartans.com,W,PA,SPARTANS
,,,,,,,,,,,,
Youngstown State University,YSU,2012 Football Highlights,Football,Highlights,Football,,<iframe width='420' height='315' src='http://www.youtube.com/embed/bp3N5eTVJY4' frameborder='0' allowfullscreen></iframe>,www.ysu.edu,www.ysusports.com,M,OH,PENGUINS
Youngstown State University,YSU,Youngstown State vs Cleveland State Highlights,Basketball,Highlights,Basketball,,<iframe width='560' height='315' src='http://www.youtube.com/embed/eGLBfVviQt0' frameborder='0' allowfullscreen></iframe>,www.ysu.edu,www.ysusports.com,W,OH,PENGUINS